Amino acid	3	1	Class	Polarity	Net charge at pH 7.4	Hydropathy index
Alanine	Ala	A	Aliphatic	Nonpolar	Neutral	1.8
Arginine	Arg	R	Fixed cation	Basic polar	Positive	−4.5
Asparagine	Asn	N	Amide	Polar	Neutral	−3.5
Aspartate	Asp	D	Anion	Brønsted base	Negative	−3.5
Cysteine	Cys	C	Thiol	Brønsted acid	Neutral	2.5
Glutamine	Gln	Q	Amide	Polar	Neutral	−3.5
Glutamate	Glu	E	Anion	Brønsted base	Negative	−3.5
Glycine	Gly	G	Aliphatic	Nonpolar	Neutral	−0.4
Histidine	His	H	Aromatic cation	Brønsted acid and base	Positive, 10%Neutral, 90%	−3.2
Isoleucine	Ile	I	Aliphatic	Nonpolar	Neutral	4.5
Leucine	Leu	L	Aliphatic	Nonpolar	Neutral	3.8
Lysine	Lys	K	Cation	Brønsted acid	Positive	−3.9
Methionine	Met	M	Thioether	Nonpolar	Neutral	1.9
Phenylalanine	Phe	F	Aromatic	Nonpolar	Neutral	2.8
Proline	Pro	P	Cyclic	Nonpolar	Neutral	−1.6
Serine	Ser	S	Hydroxylic	Polar	Neutral	−0.8
Threonine	Thr	T	Hydroxylic	Polar	Neutral	−0.7
Tryptophan	Trp	W	Aromatic	Nonpolar	Neutral	−0.9
Tyrosine	Tyr	Y	Aromatic	Brønsted acid	Neutral	−1.3
Valine	Val	V	Aliphatic	Nonpolar	Neutral	4.2
